<?xml version="1.0" encoding="UTF-8"?>
<project-private xmlns="http://www.netbeans.org/ns/project-private/1">
    <editor-bookmarks xmlns="http://www.netbeans.org/ns/editor-bookmarks/2" lastBookmarkId="0"/>
    <open-files xmlns="http://www.netbeans.org/ns/projectui-open-files/2">
        <group>
            <file>file:/C:/Users/angel/Documents/GitHub/Proyecto-API_BD2/RivasDelivery's/src/Deliverys/VEmpleadoRecarga.java</file>
            <file>file:/C:/Users/angel/Documents/GitHub/Proyecto-API_BD2/RivasDelivery's/src/Deliverys/VEmpleadoCliente.java</file>
            <file>file:/C:/Users/angel/Documents/GitHub/Proyecto-API_BD2/RivasDelivery's/src/DataBase/ProyectoBD2.sql</file>
            <file>file:/C:/Users/angel/Documents/GitHub/Proyecto-API_BD2/RivasDelivery's/src/CRUD/CRUDEmpleadoRecarga.java</file>
        </group>
    </open-files>
</project-private>
